2572,10,47.0781944102,-23.2841222201,33.6725012,-117.7763352,5324.75,265.3
2840,15,32.424514969,-0.989268430991,33.6725012,-117.7763352,5123.75,163.11
2883,10,46.5933667431,-23.2027915671,33.6725012,-117.7763352,5314.25,263.69
2885,10,46.9278730013,-23.2538144545,33.6725012,-117.7763352,5319.5,264.8
2571,10,46.4419852062,-22.9094539336,33.6725012,-117.7763352,5230.75,263.08
2572,10,47.0781944102,-23.2841222201,33.6725012,-117.7763352,5324.75,265.3
2840,15,32.424514969,-0.989268430991,33.6725012,-117.7763352,5123.75,163.11
2883,10,46.5933667431,-23.2027915671,33.6725012,-117.7763352,5314.25,263.69
2885,10,46.9278730013,-23.2538144545,33.6725012,-117.7763352,5319.5,264.8
2656,38,73.2254812011,14.6062367883,33.6725,-117.7763355,9913.25,399.89
4249,11,32.7164711356,-1.88938310692,33.6724993,-117.776336,4928.5,163.28
4250,11,32.6380457049,-2.20148894681,33.6724993,-117.776336,4925.0,164.42
4402,11,32.7170637092,-1.91312403306,33.6724993,-117.776336,4926.25,163.36
4404,12,32.6359532783,-2.22432117557,33.6724993,-117.776336,4923.75,164.5
4405,10,29.5835473105,-2.9052838497,33.6724993,-117.776336,5782.25,168.95
4555,12,32.7372385414,-1.86028611403,33.6724993,-117.776336,4925.0,163.16
4556,12,32.6486962806,-2.1634708556,33.6724993,-117.776336,4925.0,164.28
4558,10,29.6081028942,-2.8359030986,33.6724993,-117.776336,5779.0,168.73
4598,10,46.5800974714,-23.9313228815,33.6724993,-117.776336,5323.5,264.67
4708,11,32.7464487886,-1.81591829577,33.6724993,-117.776336,4926.25,163.0
4710,13,32.8401177086,-2.17680989691,33.6724993,-117.776336,4867.75,164.14
4751,10,45.8877414485,-23.5498543871,33.6724993,-117.776336,5232.0,262.25
4861,11,32.7553578825,-1.75075367232,33.6724993,-117.776336,4929.5,162.77
4862,11,32.6882958771,-2.05162636764,33.6724993,-117.776336,4922.75,163.86
4904,10,46.4513517616,-23.9320204003,33.6724993,-117.776336,5327.5,264.25
4912,10,51.3502847953,-24.3025613424,33.6724993,-117.776336,5498.0,280.05
5015,11,32.7003962128,-1.93171117835,33.6724993,-117.776336,4929.5,163.44
5016,12,32.6353542231,-2.23878117924,33.6724993,-117.776336,4922.75,164.55
5018,10,29.6005099022,-2.92544588731,33.6724993,-117.776336,5776.0,169.0
5168,12,32.4436465079,-1.84451121262,33.6724989,-117.776336,4991.75,162.95
5170,13,32.5712370388,-2.21089577695,33.6724989,-117.776336,4922.75,164.06
5218,10,51.2905966437,-24.3910242478,33.6724989,-117.776336,5495.25,280.19
5321,11,32.5971732501,-2.06865936085,33.6724989,-117.776336,4927.25,163.55
5322,12,32.5217316015,-2.37561437364,33.6724989,-117.776336,4923.75,164.67
5324,10,29.4860392362,-3.07182108802,33.6724989,-117.776336,5777.5,169.13
5364,10,46.1523955949,-24.5838223141,33.6724989,-117.776336,5499.5,263.8
5474,10,32.7469145674,-1.56553802494,33.6724989,-117.776336,4929.5,161.69
5475,11,32.6505357055,-1.86662641957,33.6724989,-117.776336,4929.5,162.81
5477,11,32.5710876178,-2.16978216676,33.6724989,-117.776336,4926.25,163.92
5627,10,32.6605802628,-1.83427755145,33.6724989,-117.776336,4929.5,162.69
5628,11,32.5836490846,-2.14111861252,33.6724989,-117.776336,4925.0,163.81
5780,10,32.7571370073,-1.54513969311,33.6724989,-117.776336,4928.5,161.61
5781,12,32.4700972286,-1.78389016222,33.6724989,-117.776336,4989.5,162.72
5783,11,32.5686930738,-2.15146968582,33.6724989,-117.776336,4928.5,163.86
5830,10,50.8854806745,-24.4682205898,33.6724989,-117.776336,5498.0,278.88
5933,11,32.8505859852,-1.22795517422,33.6724989,-117.776336,4933.0,160.44
5934,11,32.7593752108,-1.52803613085,33.6724989,-117.776336,4929.5,161.55
5936,12,32.4695131118,-1.77473032598,33.6724989,-117.776336,4990.5,162.69
5977,10,45.8958884693,-24.5540984143,33.6724989,-117.776336,5499.5,262.98
6085,11,32.8301533196,-0.707571011009,33.6724995,-117.776335,4935.5,159.88
6087,12,32.5617052861,-0.898477290876,33.6724995,-117.776335,4993.0,160.83
6088,11,32.6698897064,-1.27643340822,33.6724995,-117.776335,4925.0,161.97
6129,10,45.5640566682,-24.150646852,33.6724995,-117.776335,5499.5,262.13
6130,10,45.8740779376,-24.4774093539,33.6724995,-117.776335,5586.25,263.23
6238,10,32.5252515565,-0.208946972247,33.6724995,-117.776335,5076.25,158.63
6240,10,32.8447230948,-0.679808986177,33.6724995,-117.776335,4934.25,159.77
6241,11,32.7612690796,-0.958890215566,33.6724995,-117.776335,4929.5,160.8
6243,12,32.4551609095,-1.19149931129,33.6724995,-117.776335,4995.25,161.92
6283,10,45.9570492827,-23.9098996487,33.6724995,-117.776335,5411.5,263.28
6391,11,32.6377174187,-0.582147686332,33.6724995,-117.776335,5003.75,159.7
6393,12,32.5551157085,-0.847688015308,33.6724995,-117.776335,5000.0,160.67
6435,10,45.7500313485,-23.5839984176,33.6724995,-117.776335,5320.75,262.48
6444,10,51.4261300128,-22.5829798119,33.6724995,-117.776335,5076.25,281.75
6544,12,32.6872204229,-0.429307014103,33.6724995,-117.776335,5006.0,159.14
6546,12,32.5905031031,-0.747839913736,33.6724995,-117.776335,5000.0,160.3
6547,10,29.7463031483,-1.25392428615,33.6724995,-117.776335,5780.75,164.64
6588,10,45.5179602602,-24.1392446539,33.6724995,-117.776335,5498.0,261.98
6596,10,51.2463784426,-22.3802033078,33.6724995,-117.776335,5004.75,281.28
6696,10,32.6660904457,0.160614943389,33.6724995,-117.776335,5078.75,157.27
6697,11,32.5546206781,-0.145545440955,33.6724995,-117.776335,5075.0,158.39
6742,10,46.0660072411,-23.609573574,33.6724995,-117.776335,5316.75,263.52
6743,10,46.4059279219,-23.6365747314,33.6724995,-117.776335,5314.25,264.64
6849,11,32.2150911508,0.330084301097,33.6724995,-117.776335,5225.5,157.33
6851,12,32.3315510427,-0.0761977411161,33.6724995,-117.776335,5146.0,158.45
6852,12,30.2203194742,0.365143947415,33.6724995,-117.776335,5795.0,159.55
6894,10,46.0309253006,-23.9184472945,33.6724995,-117.776335,5411.5,263.52
6896,10,46.4079418571,-23.6804246607,33.6724995,-117.776335,5327.5,264.66
6902,13,51.5655340793,-21.8190431055,33.6724995,-117.776335,4857.75,282.8
7002,11,32.3146803481,0.573903859698,33.6724995,-117.776335,5226.75,156.45
7004,11,32.4237310477,0.163082809238,33.6724995,-117.776335,5147.25,157.58
7048,10,45.9905835243,-22.2052283527,33.672504,-117.7763298,5584.75,263.58
7056,13,51.4515961279,-18.9080882773,33.672504,-117.7763298,4662.25,282.89
7057,11,51.8904370099,-19.420403807,33.672504,-117.7763298,4845.25,284.02
7154,10,32.2883043581,2.8153381909,33.672504,-117.7763298,5230.75,155.61
7156,13,30.3117021691,2.85726900796,33.672504,-117.7763298,5793.25,157.86
7200,10,46.1823978398,-20.7906082564,33.672504,-117.7763298,5149.75,262.69
7201,10,46.371900019,-22.2490415317,33.672504,-117.7763298,5586.25,263.78
7308,11,32.3102378046,2.91693795224,33.672504,-117.7763298,5237.0,155.27
7310,10,29.6932546711,2.06990893702,33.672504,-117.7763298,5889.75,160.7
7353,10,46.1091417824,-20.7823460556,33.672504,-117.7763298,5149.75,262.44
7355,10,46.3261456697,-21.9539756468,33.672504,-117.7763298,5498.0,263.55
7460,10,32.2045495965,3.39313333729,33.672504,-117.7763298,5326.25,153.98
7461,15,30.2567204685,3.46669015418,33.672504,-117.7763298,5878.25,156.23
7506,10,46.2883318035,-21.6651667461,33.672504,-117.7763298,5411.5,263.34
7516,11,51.9035860167,-17.5271320299,33.672504,-117.7763298,4288.75,284.94
7517,13,52.1656203913,-17.4435257108,33.672504,-117.7763298,4287.0,286.06
7660,10,46.7327537359,-21.3745877015,33.672504,-117.7763298,5311.5,264.7
7669,10,52.1234763144,-17.2402381015,33.672504,-117.7763298,4224.0,286.14
7670,11,52.3869107236,-17.1586972804,33.672504,-117.7763298,4224.75,287.28
7813,11,46.709156478,-21.0898058055,33.672504,-117.7763298,5225.5,264.55
7815,11,47.0569879781,-20.8808127788,33.672504,-117.7763298,5154.75,265.67
7823,10,52.1579614238,-16.5095890222,33.672504,-117.7763298,4015.0,287.22
7920,10,30.087819505,3.12453051754,33.672504,-117.7763298,5886.5,157.36
7966,11,47.0141694918,-20.6161302899,33.672504,-117.7763298,5075.0,265.47
7976,14,52.2258446526,-16.0059598775,33.672504,-117.7763298,3876.25,288.22
7977,12,52.4554073765,-15.9164524011,33.672504,-117.7763298,3874.25,289.33
7980,10,52.7475059651,-15.9682060464,33.672504,-117.7763298,3920.75,290.47
8072,10,31.7854980997,7.81063404435,33.6725106,-117.7763232,5678.75,151.23
8073,10,31.8903067658,7.33984318913,33.6725106,-117.7763232,5584.75,152.38
8074,10,29.9010301205,5.14122504142,33.6725106,-117.7763232,5891.25,156.88
8120,10,48.5597384208,-17.763040515,33.6725106,-117.7763232,5149.75,265.98
8130,12,53.4537437324,-12.1437972846,33.6725106,-117.7763232,3782.0,289.69
8132,19,53.6609742657,-12.0152290165,33.6725106,-117.7763232,3773.5,290.81
8147,12,53.8912399864,-11.9294283413,33.6725106,-117.7763232,3781.25,291.94
8224,10,31.2525323273,6.7247766028,33.6725106,-117.7763232,5680.25,150.95
8226,10,31.3855837787,6.26949657907,33.6725106,-117.7763232,5587.75,152.08
8227,10,29.9327565159,5.23732578995,33.6725106,-117.7763232,5891.25,156.58
8273,11,48.3987822941,-17.5394627579,33.6725106,-117.7763232,5081.0,265.44
8285,10,53.6574303445,-11.7118736503,33.6725106,-117.7763232,3690.0,291.42
8291,16,53.8189387592,-11.5007578871,33.6725106,-117.7763232,3655.0,292.56
8314,12,54.0802720047,-11.4856894531,33.6725106,-117.7763232,3688.5,293.69
8339,25,48.6882194236,-0.824504629675,33.6725106,-117.7763232,128.0,1.22
8359,32,48.2707441007,-0.870004893226,33.6725106,-117.7763232,0.0,0.03
8379,10,31.1520056146,6.49538934669,33.6725106,-117.7763232,5680.25,151.72
8403,47,48.6885194622,-0.827347326684,33.6725106,-117.7763232,128.0,0.83
8427,10,48.3194976808,-17.2938190681,33.6725106,-117.7763232,5006.0,265.17
8446,10,49.0294778729,-18.8970263562,33.6725106,-117.7763232,5499.5,267.41
8582,10,48.5078172322,-17.0378882656,33.6725106,-117.7763232,4928.5,265.84
8594,13,53.8672396469,-10.4472304481,33.6725106,-117.7763232,3381.0,295.3
8595,11,54.0613811108,-10.3416877367,33.6725106,-117.7763232,3383.75,296.44
8735,10,48.9615645703,-17.2834611132,33.6725106,-117.7763232,5007.25,267.41
8736,10,49.30199841,-17.4924117771,33.6725106,-117.7763232,5076.25,268.55
8738,10,49.6649951945,-17.9745293497,33.6725106,-117.7763232,5230.75,269.66
8748,10,53.8943130248,-9.89057663925,33.6725106,-117.7763232,3240.0,296.94
8764,10,54.0713484655,-9.78168213452,33.6725106,-117.7763232,3241.0,298.06
8840,10,29.7792040329,6.8121212359,33.6725106,-117.7763232,6103.25,152.44
8890,11,49.6202182055,-17.7156478978,33.6725106,-117.7763232,5151.0,269.58
8901,11,53.876343883,-9.54155396564,33.6725106,-117.7763232,3147.25,297.88
8903,13,54.0447708464,-9.43032770985,33.6725106,-117.7763232,3147.25,299.0
8904,11,54.2129951543,-9.31241505553,33.6725106,-117.7763232,3146.75,300.14
9043,10,49.3679551877,-17.0056454838,33.6725106,-117.7763232,4929.5,268.89
9056,14,54.3457830669,-6.50476452332,33.6725171,-117.7763177,3108.25,298.5
9057,16,54.4188255289,-6.24739855268,33.6725171,-117.7763177,3055.75,299.66
9059,14,54.5794206065,-6.13806344019,33.6725171,-117.7763177,3056.75,300.77
9071,12,55.4029976201,-5.72196100332,33.6725171,-117.7763177,3113.0,301.89
9145,13,30.3422380287,9.81001454555,33.6725171,-117.7763177,6085.75,147.97
9209,14,54.7930764698,-5.52010350536,33.6725171,-117.7763177,2946.5,299.94
9211,17,54.8689843644,-5.3193716151,33.6725171,-117.7763177,2914.0,301.05
9212,17,55.024170527,-5.20787723224,33.6725171,-117.7763177,2919.0,302.19
9214,12,55.2819861921,-5.21302640414,33.6725171,-117.7763177,2972.5,303.31
9342,13,45.211619461,-16.6975628267,33.6725171,-117.7763177,5798.0,250.38
9351,10,51.2710809226,-14.9671075633,33.6725171,-117.7763177,5229.5,269.56
9352,12,51.7960553277,-14.0945714633,33.6725171,-117.7763177,4994.25,271.83
9364,11,54.702858104,-5.02909500253,33.6725171,-117.7763177,2813.75,301.42
9370,16,54.8375730281,-4.90661823842,33.6725171,-117.7763177,2812.5,302.55
9395,14,54.8853258602,-4.68762784388,33.6725171,-117.7763177,2772.75,303.69
9418,12,55.1003591458,-4.67355282352,33.6725171,-117.7763177,2814.5,304.73
9518,14,54.8241793924,-4.69363741265,33.6725171,-117.7763177,2761.5,303.38
9520,16,54.9002064608,-4.51193228413,33.6725171,-117.7763177,2736.75,304.52
9521,15,55.0198308675,-4.37661409426,33.6725171,-117.7763177,2732.5,305.67
9523,14,55.2070323092,-4.32307935132,33.6725171,-117.7763177,2761.5,306.75
9672,13,54.7550179745,-4.24893626898,33.6725171,-117.7763177,2648.25,305.02
9674,15,54.9085458258,-4.16212586171,33.6725171,-117.7763177,2662.25,306.14
9675,16,55.0290389888,-4.03269159222,33.6725171,-117.7763177,2661.0,307.3
9677,14,55.1652295879,-3.9281616119,33.6725171,-117.7763177,2669.5,308.41
9803,10,45.5306173132,-15.7654193175,33.6725171,-117.7763177,5501.0,250.83
9811,11,51.5709066903,-13.9244059249,33.6725171,-117.7763177,4930.75,271.16
9814,11,53.1352681543,-14.8893001267,33.6725171,-117.7763177,5320.75,275.66
9827,11,54.7923112184,-3.99392943721,33.6725171,-117.7763177,2601.0,306.39
9831,15,54.7277977949,-3.69485280742,33.6725171,-117.7763177,2523.5,307.55
9856,14,54.8743243893,-3.60942085907,33.6725171,-117.7763177,2538.5,308.67
9879,13,54.9892168838,-3.49558064314,33.6725171,-117.7763177,2541.5,309.78
9904,12,55.2999997416,-3.54028579499,33.6725171,-117.7763177,2622.25,310.92
9928,14,49.1319856627,2.0651957922,33.6725171,-117.7763177,128.0,0.08
9948,13,48.7173005994,1.99892200417,33.6725171,-117.7763177,0.0,0.3
9980,13,54.5509613549,-3.49266446786,33.6725171,-117.7763177,2442.0,307.73
9991,19,54.6127573704,-3.34111675103,33.6725171,-117.7763177,2424.5,308.83
10014,23,55.352912707,-0.685906032793,33.6725233,-117.7763133,2434.25,309.97
10040,22,55.4580124518,-0.570301070948,33.6725233,-117.7763133,2435.75,311.09
10064,18,55.6508913557,-0.521291905709,33.6725233,-117.7763133,2471.75,312.23
10121,11,53.8444952837,-11.7281894627,33.6725233,-117.7763133,5151.0,275.5
10135,10,55.2442981779,-0.476377844969,33.6725233,-117.7763133,2367.5,309.61
10139,12,55.3002743104,-0.326032357957,33.6725233,-117.7763133,2351.25,310.73
10164,11,55.3959641241,-0.202612765215,33.6725233,-117.7763133,2350.5,311.89
10189,12,55.5305903517,-0.120400884969,33.6725233,-117.7763133,2367.75,312.98
10274,11,53.4353663241,-11.1096707454,33.6725233,-117.7763133,4936.5,274.69
10275,12,53.8001704834,-11.2465713702,33.6725233,-117.7763133,5006.0,275.8
10290,12,55.1493567046,-0.167148059609,33.6725233,-117.7763133,2285.0,310.94
10291,12,55.1894783893,-0.0126244030174,33.6725233,-117.7763133,2265.25,312.06
10314,17,55.248900784,0.125967953325,33.6725233,-117.7763133,2254.0,313.19
10339,14,55.3363747721,0.241106609974,33.6725233,-117.7763133,2254.75,314.31
10363,12,55.502588498,0.300581721894,33.6725233,-117.7763133,2285.75,315.42
10417,11,45.6052281963,-11.9234261408,33.6725233,-117.7763133,5149.75,247.27
10428,10,53.6850114544,-11.2710496942,33.6725233,-117.7763133,5003.75,275.39
10443,10,54.9490621314,0.160591073866,33.6725233,-117.7763133,2175.0,311.97
10464,13,55.0314777488,0.276243906154,33.6725233,-117.7763133,2173.5,313.11
10488,17,55.0787862277,0.413949792583,33.6725233,-117.7763133,2160.25,314.23
10514,14,55.1916946766,0.502803433036,33.6725233,-117.7763133,2172.75,315.34
10539,13,55.2759764109,0.617091090198,33.6725233,-117.7763133,2174.5,316.48
10563,10,55.4827005128,0.655577535808,33.6725233,-117.7763133,2221.0,317.63
10589,47,49.7408955559,4.63475268605,33.6725233,-117.7763133,128.0,0.7
10722,18,45.459928845,-10.7307538868,33.6725233,-117.7763133,4806.5,245.8
10734,10,53.3178293691,-11.6126692096,33.6725233,-117.7763133,5076.25,273.86
10752,10,54.8713205423,0.826382421421,33.6725233,-117.7763133,2036.5,316.06
10754,13,54.86866884,0.984865781411,33.6725233,-117.7763133,2009.25,317.19
10755,15,54.896949259,1.11883440297,33.6725233,-117.7763133,1994.75,318.31
10780,16,54.9654531221,1.22428578536,33.6725233,-117.7763133,1996.0,319.41
10805,14,55.0349241646,1.33468045155,33.6725233,-117.7763133,1997.5,320.55
10829,13,55.1433926034,1.42434947001,33.6725233,-117.7763133,2013.25,321.69
10875,11,45.5085169913,-10.6727899379,33.6725233,-117.7763133,4785.75,245.92
10888,11,53.3377159785,-11.3701836262,33.6725233,-117.7763133,5006.0,274.13
10906,10,54.8214049575,1.20901592556,33.6725233,-117.7763133,1960.75,318.64
10930,15,54.8465510257,1.33603037097,33.6725233,-117.7763133,1947.5,319.73
10954,15,54.8183629527,1.49852181064,33.6725233,-117.7763133,1915.5,320.88
10980,25,54.8593776488,1.62202578453,33.6725233,-117.7763133,1908.5,322.05
11004,15,54.906901991,1.7351427053,33.6725233,-117.7763133,1905.5,323.17
11029,15,55.5270284375,4.20815937215,33.672529,-117.7763091,1918.75,324.27
11055,12,55.7406303934,4.24814550747,33.672529,-117.7763091,1972.5,325.41
11137,11,29.0005648888,19.9730073335,33.672529,-117.7763091,7495.75,140.0
11181,10,45.2433920969,-7.12163665621,33.672529,-117.7763091,4511.0,243.84
11193,10,53.0579968579,-9.15598476608,33.672529,-117.7763091,5002.5,273.25
11215,12,55.0924131528,4.23722935587,33.672529,-117.7763091,1796.25,324.69
11216,15,55.0730297509,4.37739443259,33.672529,-117.7763091,1771.75,325.83
11217,19,55.0723584497,4.50312511795,33.672529,-117.7763091,1755.0,326.95
11238,17,55.1895482883,5.34810046699,33.6725306,-117.7763076,1752.25,328.09
11264,15,55.239073973,5.45679859966,33.6725306,-117.7763076,1753.0,329.28
11288,15,55.4145575187,5.50712168716,33.6725306,-117.7763076,1796.75,330.39
11314,11,55.5470445538,5.57726876293,33.6725306,-117.7763076,1826.75,331.48
11368,11,55.2313753608,5.11272299503,33.6725306,-117.7763076,1794.0,326.16
11370,12,55.1397844705,5.28374375409,33.6725306,-117.7763076,1746.5,327.3
11388,12,55.0777959718,5.43834649379,33.6725306,-117.7763076,1710.0,328.47
11413,15,55.0683260741,5.55457621307,33.6725306,-117.7763076,1693.5,329.53
11438,28,55.12407499,5.65147689401,33.6725306,-117.7763076,1698.25,330.67
11463,17,55.1677485353,5.75041382916,33.6725306,-117.7763076,1700.0,331.78
11488,15,55.2579633665,5.83974587077,33.6725306,-117.7763076,1716.75,332.95
11513,14,55.4196725908,6.41758567489,33.6725317,-117.7763066,1738.5,334.02
11593,10,31.1850680635,23.1720869249,33.6725317,-117.7763066,7331.75,133.44
11639,10,44.946750135,-4.55791364395,33.6725317,-117.7763066,4175.75,240.38
11640,11,45.1394997594,-4.80703095419,33.6725317,-117.7763066,4225.5,241.5
11654,10,53.8050864797,-8.03010974171,33.6725317,-117.7763066,5075.0,275.23
11656,12,54.06499619,-7.72137950972,33.6725317,-117.7763066,5002.5,276.36
11679,12,55.1425277455,6.54716448799,33.6725317,-117.7763066,1646.0,334.42
11697,14,55.0808686505,6.6793086627,33.6725317,-117.7763066,1616.25,335.58
11721,16,55.1345774802,7.28778006812,33.6725328,-117.7763056,1605.25,336.69
11747,25,55.1057930685,7.40405407999,33.6725328,-117.7763056,1587.75,337.84
11771,20,55.1624696471,7.49168558323,33.6725328,-117.7763056,1598.25,338.92
11796,15,55.1926693114,7.59380373655,33.6725328,-117.7763056,1600.5,340.08
11822,15,55.2931096497,7.58119309402,33.6725328,-117.7763056,1631.25,341.17
11846,12,55.4026587136,7.66500486656,33.6725328,-117.7763056,1659.0,342.27
11944,10,44.5823424816,-3.11669677171,33.6725328,-117.7763056,3963.25,238.11
11947,11,44.8732598466,-3.09786643008,33.6725328,-117.7763056,3921.5,239.25
11988,10,55.2317618818,7.58838250078,33.6725328,-117.7763056,1612.5,341.11
11990,12,55.0788654021,7.72726977627,33.6725328,-117.7763056,1558.5,342.28
11992,14,55.1747005039,8.65524767611,33.6725347,-117.7763041,1535.0,343.41
12002,14,55.1753804862,8.75909904537,33.6725347,-117.7763041,1530.25,344.58
12027,28,55.1273427802,8.86069737562,33.6725347,-117.7763041,1511.5,345.66
12052,16,55.1779249175,8.95268916927,33.6725347,-117.7763041,1523.5,346.78
12077,16,55.1984911168,9.0524530268,33.6725347,-117.7763041,1526.75,347.94
12102,13,55.2795725823,9.14145227536,33.6725347,-117.7763041,1549.25,349.02
12127,12,55.4180711005,9.23127434844,33.6725347,-117.7763041,1589.75,350.11
12250,15,44.5526647009,-1.34376201277,33.6725347,-117.7763041,3726.25,235.44
12252,11,44.8648935989,-0.933065738997,33.672536,-117.7763031,3737.0,236.58
12266,10,53.3582841621,-6.09353270882,33.672536,-117.7763031,5006.0,273.66
12298,12,55.2529269898,9.67601852904,33.672536,-117.7763031,1507.75,348.7
12299,15,55.2357680016,9.77897426255,33.672536,-117.7763031,1500.5,349.88
12307,17,55.2110602528,9.79316158277,33.672536,-117.7763031,1492.75,351.03
12333,17,55.1560340554,9.88987206357,33.672536,-117.7763031,1474.75,352.14
12357,25,55.1417983011,9.98632101874,33.672536,-117.7763031,1469.75,353.28
12382,13,55.1387686253,10.0822374846,33.672536,-117.7763031,1468.75,354.42
12407,14,55.190474673,10.1770001297,33.672536,-117.7763031,1485.0,355.53
12432,15,55.2319047846,10.2776873798,33.672536,-117.7763031,1498.75,356.69
12457,10,55.5211233495,11.1754337334,33.6725379,-117.7763017,1535.0,357.8
12482,47,50.9137071827,10.8860016179,33.6725379,-117.7763017,128.0,0.06
12555,12,44.4392789165,0.965541110663,33.6725379,-117.7763017,3531.25,232.48
12557,19,44.6825253905,0.928672125035,33.6725379,-117.7763017,3502.75,233.61
12558,10,44.7685444044,0.626894658254,33.6725379,-117.7763017,3569.5,234.72
12608,10,55.5423861307,11.1892328506,33.6725379,-117.7763017,1541.75,357.94
12610,15,55.3923164053,11.2769247909,33.6725379,-117.7763017,1498.25,359.08
12628,18,55.3147428649,11.3617402303,33.6725379,-117.7763017,1477.25,0.16
12651,19,55.2912385975,11.4559428713,33.6725379,-117.7763017,1473.5,1.3
12675,25,55.377277495,12.0760667366,33.6725392,-117.7763008,1463.0,2.42
12697,17,55.3773025028,12.1754682363,33.6725392,-117.7763008,1467.75,3.59
12720,18,55.3863467675,12.2738325083,33.6725392,-117.7763008,1475.75,4.72
12743,17,55.4579198868,12.384652628,33.6725392,-117.7763008,1503.75,5.83
12766,12,55.5315370127,12.4969283256,33.6725392,-117.7763008,1533.0,6.91
12789,19,57.3692703291,13.0362518222,33.6725392,-117.7763008,2116.0,7.86
12861,10,44.2854232341,2.14303249551,33.6725392,-117.7763008,3413.75,229.5
12863,16,44.7296331504,2.40570592896,33.6725392,-117.7763008,3271.75,230.66
12864,11,44.8392810083,2.18972333064,33.6725392,-117.7763008,3309.0,231.77
12920,10,55.7706499445,12.5027228478,33.6725392,-117.7763008,1604.5,6.39
12921,11,55.5489799949,12.5589198115,33.6725392,-117.7763008,1542.5,7.55
12933,18,55.4226418333,12.630780393,33.6725392,-117.7763008,1510.5,8.7
12955,18,55.5298668099,13.253905934,33.6725405,-117.7762999,1510.25,9.8
12978,29,55.4651691963,13.3345604336,33.6725405,-117.7762999,1498.25,10.91
13002,18,55.4887942251,13.4478560997,33.6725405,-117.7762999,1515.5,12.08
13026,16,55.4795859776,13.5420237809,33.6725405,-117.7762999,1522.0,13.14
13049,16,55.4585517042,13.642026891,33.6725405,-117.7762999,1526.25,14.3
13074,10,55.4987345864,13.7600681064,33.6725405,-117.7762999,1550.5,15.39
13097,25,50.7621852231,11.9047830432,33.6725405,-117.7762999,0.0,28.91
13168,15,44.6239882955,3.7264838999,33.6725405,-117.7762999,3116.75,227.11
13170,14,44.7878857366,3.61509844337,33.6725405,-117.7762999,3114.5,228.22
13171,13,45.1181846222,4.17010454927,33.6725424,-117.7762987,3144.25,229.36
13216,10,50.9818550922,12.6573131998,33.6725424,-117.7762987,0.0,347.23
13232,10,55.9721745682,14.5819220967,33.6725424,-117.7762987,1630.25,15.09
13239,12,55.7313530465,14.8087885943,33.6725424,-117.7762987,1589.25,18.37
13263,17,55.6313149815,14.8779862348,33.6725424,-117.7762987,1570.5,19.53
13287,16,55.5998111766,14.9758705335,33.6725424,-117.7762987,1575.0,20.66
13310,15,55.6063498182,15.0852327389,33.6725424,-117.7762987,1592.0,21.7
13335,12,55.6691261698,15.2352334289,33.6725424,-117.7762987,1630.5,22.81
13386,14,55.8542271416,15.0011859057,33.6725424,-117.7762987,1648.0,19.69
13388,14,55.7094966531,15.0516396957,33.6725424,-117.7762987,1615.25,20.86
13407,16,55.6683119074,15.1470541426,33.6725424,-117.7762987,1617.5,21.98
13430,20,55.6918277407,15.7067762838,33.6725435,-117.7762978,1613.5,23.05
13455,14,55.6369357314,15.796687271,33.6725435,-117.7762978,1612.5,24.19
13478,13,55.6476728924,15.9198703254,33.6725435,-117.7762978,1634.5,25.27
13502,13,55.76796404,16.0030458022,33.6725435,-117.7762978,1679.0,26.36
13542,11,56.0085381185,15.7277913241,33.6725435,-117.7762978,1701.5,22.66
13550,16,55.9222196589,15.8070775075,33.6725435,-117.7762978,1689.75,23.8
13574,16,55.8217115666,15.8687365026,33.6725435,-117.7762978,1672.25,24.87
13598,25,55.7616222296,15.964439252,33.6725435,-117.7762978,1671.25,26.05
13622,15,55.7163271245,16.0568995474,33.6725435,-117.7762978,1674.25,27.12
13645,14,55.83856949,16.9459823695,33.6725454,-117.7762964,1676.0,28.25
13670,15,55.8913315229,17.1075189278,33.6725454,-117.7762964,1716.75,29.33
13697,13,56.1856642724,16.9653024785,33.6725454,-117.7762964,1768.5,26.53
13717,15,56.0870341569,17.0391876715,33.6725454,-117.7762964,1755.0,27.67
13742,18,55.9451835258,17.0820621736,33.6725454,-117.7762964,1726.0,28.81
13765,21,55.8942309021,17.1826936299,33.6725454,-117.7762964,1730.5,29.94
13790,15,55.8529913968,17.2899422764,33.6725454,-117.7762964,1739.25,31.06
13813,14,55.8189393749,17.3990713179,33.6725454,-117.7762964,1750.75,32.14
13837,13,55.8674992585,17.5816622523,33.6725454,-117.7762964,1796.5,33.27
13931,12,44.6951418148,8.53305545275,33.6725466,-117.7762954,2710.25,216.78
13933,12,44.8665794277,8.45089954213,33.6725466,-117.7762954,2688.5,217.92
13934,16,44.9932557611,8.32928120852,33.6725466,-117.7762954,2686.0,219.06
13958,10,55.27583202,-1.96981640114,33.6725466,-117.7762954,5149.75,278.52
14002,28,51.3259008056,14.4574845932,33.6725466,-117.7762954,0.0,29.64
14006,11,56.5105178377,18.1324821108,33.6725466,-117.7762954,1937.0,31.33
14009,13,56.3486509658,18.1700627864,33.6725466,-117.7762954,1903.75,32.47
14032,14,56.195182206,18.2059892532,33.6725466,-117.7762954,1873.0,33.59
14056,23,56.1010846872,18.2872419701,33.6725466,-117.7762954,1865.75,34.73
14081,15,56.0619563375,18.4076273631,33.6725466,-117.7762954,1879.75,35.83
14104,15,56.0399693116,18.5423863745,33.6725466,-117.7762954,1901.25,36.91
14128,13,56.1329780835,19.2360183668,33.6725477,-117.7762944,1947.75,38.03
14160,11,56.340739734,19.0620886258,33.6725477,-117.7762944,1961.0,35.64
14176,17,56.1841900477,19.0960948669,33.6725477,-117.7762944,1931.25,36.78
14200,25,56.1407644694,19.2175372878,33.6725477,-117.7762944,1945.75,37.86
14224,13,56.0892625381,19.3431703396,33.6725477,-117.7762944,1960.0,39.0
14247,11,56.0079309072,19.4346937095,33.6725477,-117.7762944,1961.25,40.09
14315,12,56.3776534691,19.5217140138,33.6725477,-117.7762944,2061.5,38.44
14316,13,56.2322117974,19.565839208,33.6725477,-117.7762944,2038.25,39.56
14319,20,56.1271756958,19.6621926333,33.6725477,-117.7762944,2035.75,40.78
14344,10,56.0451087036,20.3797515813,33.6725494,-117.776293,1986.0,41.91
14387,10,44.7629135557,11.3772530083,33.6725494,-117.776293,2442.75,208.64
14392,18,44.8538494493,11.2428856133,33.6725494,-117.776293,2442.0,209.8
14417,18,44.9869328022,11.1498846899,33.6725494,-117.776293,2424.5,210.89
14442,17,45.0830335529,11.0206609413,33.6725494,-117.776293,2423.5,212.05
14468,14,45.0816706708,10.8298885841,33.6725494,-117.776293,2458.5,213.14
14539,12,44.6925760185,11.710349324,33.6725494,-117.776293,2408.0,206.33
14540,16,44.8229674788,11.6058744151,33.6725494,-117.776293,2390.25,207.47
14542,25,44.9853906485,11.5165388534,33.6725494,-117.776293,2362.75,208.66
14567,17,44.9952241732,11.3457580938,33.6725494,-117.776293,2388.75,209.75
14592,15,45.0690117596,11.2071225558,33.6725494,-117.776293,2394.0,210.89
14622,10,56.9945098087,21.5020592021,33.6725506,-117.7762922,2300.0,40.81
14641,10,56.6034001493,21.3118932218,33.6725506,-117.7762922,2175.0,41.94
14691,19,44.7191924314,12.7419170266,33.6725506,-117.7762922,2356.25,203.44
14693,18,44.8492780401,12.6348383013,33.6725506,-117.7762922,2335.75,204.59
14714,15,44.9136279181,12.5023510026,33.6725506,-117.7762922,2337.5,205.69
14740,18,45.0124967531,12.3862357217,33.6725506,-117.7762922,2328.5,206.81
14765,14,44.9268765951,12.1592607885,33.6725506,-117.7762922,2386.0,207.94
14790,40,51.852160717,16.1988706576,33.6725506,-117.7762922,64.5,1.03
14842,14,44.6318584814,13.2332718119,33.6725506,-117.7762922,2318.0,199.83
14844,20,44.9412565331,13.8946480151,33.6725523,-117.7762908,2276.25,200.95
14860,14,45.0230043955,13.7746023955,33.6725523,-117.7762908,2268.75,202.05
14885,20,45.0737937486,13.6345499294,33.6725523,-117.7762908,2273.25,203.19
14910,18,45.05122945,13.4588303424,33.6725523,-117.7762908,2303.5,204.31
14995,16,44.8563044834,14.3082545529,33.6725523,-117.7762908,2252.25,197.75
14996,14,45.0047934236,14.2053681154,33.6725523,-117.7762908,2221.5,198.92
14998,21,45.0243024684,14.0616328882,33.6725523,-117.7762908,2232.75,200.02
15010,14,45.1095701398,13.9401506718,33.6725523,-117.7762908,2223.75,201.16
15035,14,45.0422069261,13.7549318377,33.6725523,-117.7762908,2266.0,202.25
15074,24,51.7662710497,16.9262123853,33.6725523,-117.7762908,0.0,30.2
15086,10,56.4845360807,23.4013258806,33.6725523,-117.7762908,2442.0,50.92
15148,14,44.9774601539,15.0865928595,33.6725533,-117.77629,2204.75,195.3
15149,17,45.0780887655,14.9721521345,33.6725533,-117.77629,2187.0,196.42
15155,19,45.1656216879,14.853848602,33.6725533,-117.77629,2174.25,197.55
15179,18,45.1338167338,14.6925317019,33.6725533,-117.77629,2201.0,198.66
15205,11,45.1291951836,14.534744149,33.6725533,-117.77629,2220.5,199.8
15240,10,56.969666425,24.2682095087,33.6725533,-117.77629,2622.25,50.44
15253,11,56.8748835178,24.4172156883,33.6725533,-117.77629,2642.0,51.53
15278,12,56.7389893724,24.5240168427,33.6725533,-117.77629,2645.0,52.67
15302,10,45.0755163759,15.3740851162,33.6725544,-117.7762891,2219.25,196.77
15335,10,54.516416531,-0.0194039549562,33.6725544,-117.7762891,5499.5,275.25
15351,11,54.56859179,1.86528652896,33.6725544,-117.7762891,4934.25,276.39
15376,12,54.9218388038,1.71161654228,33.6725544,-117.7762891,4999.0,277.52
15452,14,45.0201995354,16.442867115,33.6725544,-117.7762891,2147.75,188.41
15454,19,45.1296347991,16.326095483,33.6725544,-117.7762891,2122.5,189.53
15455,22,45.2103926423,16.2068794299,33.6725544,-117.7762891,2106.75,190.64
15476,18,45.2430504933,16.0745223399,33.6725544,-117.7762891,2107.0,191.77
15501,19,45.1900869335,15.9202288646,33.6725544,-117.7762891,2135.0,192.88
15525,11,45.1087724263,15.7495947686,33.6725544,-117.7762891,2173.5,194.02
15604,10,44.959082552,16.8240139518,33.6725544,-117.7762891,2146.25,185.27
15606,14,45.119216218,17.4192257306,33.6725559,-117.7762876,2119.25,186.34
15607,16,45.227777078,17.2937531591,33.6725559,-117.7762876,2093.25,187.52
15626,23,45.2669916694,17.1659964718,33.6725559,-117.7762876,2089.0,188.63
15650,16,45.2424841006,17.0268071106,33.6725559,-117.7762876,2105.25,189.72
15676,15,45.2223139388,16.8802917665,33.6725559,-117.7762876,2121.5,190.86
15703,12,56.9407810898,26.3435876406,33.6725559,-117.7762876,2816.5,54.53
15724,17,56.9378021267,26.692262246,33.6725559,-117.7762876,2906.25,55.67
15749,12,56.6321275209,26.5344643861,33.6725559,-117.7762876,2817.25,56.78
15798,10,55.3302517164,0.523858127042,33.6725559,-117.7762876,5587.75,277.53
15815,11,62.8568203871,9.84044087418,33.6725568,-117.7762865,4340.25,316.88
15857,10,57.2233414448,27.5624710936,33.6725568,-117.7762865,3058.0,55.41
15858,20,56.9165942601,27.4244649906,33.6725568,-117.7762865,2973.75,56.52
15870,11,56.9359366012,27.8297961097,33.6725568,-117.7762865,3083.75,57.59
15894,10,56.7165081872,27.8541480898,33.6725568,-117.7762865,3058.0,58.75
15919,29,52.3868128496,19.0441685383,33.6725568,-117.7762865,128.0,0.8
15951,11,54.4497390334,2.79683236114,33.6725568,-117.7762865,5001.25,275.7
15969,13,62.7138338126,10.1737372765,33.6725568,-117.7762865,4241.75,317.55
15989,10,63.1238550881,10.1868394803,33.6725568,-117.7762865,4336.5,318.64
16062,11,44.9797293645,19.2066439767,33.6725568,-117.7762865,2130.75,175.44
16063,16,45.1364606695,19.0687940529,33.6725568,-117.7762865,2082.25,176.56
16065,17,45.1483783503,19.7072972609,33.6725583,-117.7762847,2074.75,177.7
16090,19,45.1840586931,19.5764956584,33.6725583,-117.7762847,2064.75,178.81
16114,16,45.1544335128,19.4400161321,33.6725583,-117.7762847,2075.5,179.95
16140,11,45.2003011931,19.3086592353,33.6725583,-117.7762847,2064.0,181.08
16165,11,57.0084627611,28.9150472489,33.6725583,-117.7762847,3179.25,58.02
16188,16,56.9127022365,29.1701660368,33.6725583,-117.7762847,3233.75,59.14
16212,11,56.6920830827,29.1972559247,33.6725583,-117.7762847,3210.25,60.27
16277,13,62.7964782371,11.7328589974,33.6725583,-117.7762847,4117.25,320.38
16279,10,63.1034827555,11.8381952661,33.6725583,-117.7762847,4174.0,321.5
16305,25,51.9024019324,20.3487726874,33.6725593,-117.7762833,0.0,33.05
16319,10,57.1771183462,30.3616485222,33.6725593,-117.7762833,3449.5,59.22
16331,14,56.8313448805,30.1659686375,33.6725593,-117.7762833,3348.25,60.34
16366,10,44.9343440917,21.3342666147,33.6725593,-117.7762833,2145.0,168.95
16379,15,45.0296768436,21.0602077824,33.6725593,-117.7762833,2106.0,170.09
16405,18,45.0749160985,20.9184885139,33.6725593,-117.7762833,2088.25,171.23
16430,19,45.0692534859,20.7858581453,33.6725593,-117.7762833,2087.0,172.34
16454,15,45.079170265,20.6502566966,33.6725593,-117.7762833,2081.75,173.47
16519,13,45.0075566757,21.550871438,33.6725593,-117.7762833,2133.25,166.11
16520,16,45.0320236306,21.4062206979,33.6725593,-117.7762833,2118.75,167.25
16530,21,45.0371874071,21.8173143282,33.6725603,-117.7762819,2095.0,168.39
16555,16,45.0216478587,21.6850730528,33.6725603,-117.7762819,2094.75,169.5
16579,12,44.8896831314,21.5662496806,33.6725603,-117.7762819,2131.0,170.59
16671,12,44.9814002952,22.6412786041,33.6725603,-117.7762819,2159.25,162.83
16672,16,45.0010291334,22.4958475241,33.6725603,-117.7762819,2143.0,163.94
16674,18,45.0397926798,22.3447002515,33.6725603,-117.7762819,2121.5,165.08
16679,22,45.0641057084,22.1991051477,33.6725603,-117.7762819,2105.5,166.22
16719,11,54.508918944,4.21380333802,33.6725603,-117.7762819,5152.25,276.05
16730,11,54.7921266431,4.50631774686,33.6725603,-117.7762819,5078.75,277.17
16824,15,44.8174675305,23.7198015708,33.6725616,-117.7762798,2193.0,160.63
16825,18,44.8524108339,23.5941606646,33.6725616,-117.7762798,2172.25,161.52
16827,20,44.8540695325,23.4473858872,33.6725616,-117.7762798,2160.25,162.66
16831,13,44.8226669125,23.3124575182,33.6725616,-117.7762798,2159.75,163.78
16873,10,54.2152187009,4.71716476167,33.6725616,-117.7762798,5229.5,275.36
16882,38,52.1395184245,21.7225434371,33.6725616,-117.7762798,128.0,1.17
16936,19,56.647103892,33.3772488059,33.6725616,-117.7762798,3865.25,64.14
16976,10,44.7920689401,24.1075124693,33.6725616,-117.7762798,2236.5,157.78
16978,13,44.8042553669,23.9513026637,33.6725616,-117.7762798,2217.75,158.91
16979,17,44.8414863873,23.7886206164,33.6725616,-117.7762798,2192.0,160.05
17002,15,44.7698583671,23.6733079091,33.6725616,-117.7762798,2203.0,161.09
17027,11,44.3053471719,23.9852758104,33.6725625,-117.7762786,2316.0,163.27
17129,14,44.6687551853,25.1203404021,33.6725625,-117.7762786,2319.0,154.28
17131,19,44.7665127093,24.9188950881,33.6725625,-117.7762786,2268.25,155.42
17132,17,44.7679954362,24.7603370383,33.6725625,-117.7762786,2250.5,156.56
17137,14,44.7520521035,24.6075574391,33.6725625,-117.7762786,2239.25,157.72
17162,11,44.5150202981,24.5341780978,33.6725625,-117.7762786,2300.5,158.84
17186,12,44.3704238808,24.4311802688,33.6725625,-117.7762786,2333.0,159.91
17282,14,44.7522395755,25.4493342159,33.6725625,-117.7762786,2336.5,151.77
17284,17,44.7773418197,25.9556715669,33.6725638,-117.7762769,2293.25,152.89
17285,15,44.7258377807,25.810649139,33.6725638,-117.7762769,2290.0,154.06
17290,10,44.5417007792,25.7319405513,33.6725638,-117.7762769,2332.75,155.14
17314,12,44.3797763995,25.6303942521,33.6725638,-117.7762769,2367.5,156.28
17357,12,62.0726943372,17.2580478424,33.6725638,-117.7762769,3611.25,329.66
17364,11,62.2915012965,17.4059252125,33.6725638,-117.7762769,3649.25,330.78
17433,10,44.7971120175,26.7992150721,33.6725638,-117.7762769,2404.5,148.23
17435,14,44.7761042326,26.6287577296,33.6725638,-117.7762769,2384.75,149.39
17439,17,44.7792334812,26.4532108811,33.6725638,-117.7762769,2358.75,150.52
17464,13,44.680481815,26.3348428703,33.6725638,-117.7762769,2369.25,151.63
17489,13,44.5586888652,26.2242967483,33.6725638,-117.7762769,2388.0,152.75
17586,13,44.757111668,27.6495737992,33.6725648,-117.7762756,2455.75,146.33
17588,17,44.7732152572,27.4572002021,33.6725648,-117.7762756,2421.25,147.45
17589,16,44.7756495573,27.2759763901,33.6725648,-117.7762756,2393.0,148.58
17594,10,44.4873156358,27.0759367947,33.6725648,-117.7762756,2441.5,150.84
17641,10,53.7661693858,6.38541326189,33.6725648,-117.7762756,5233.25,275.2
17666,10,61.9705664031,18.5240848044,33.6725648,-117.7762756,3491.5,332.7
17669,11,62.0740738482,18.7252432242,33.6725648,-117.7762756,3494.5,333.83
17693,10,62.5004396614,18.7873642243,33.6725648,-117.7762756,3606.0,334.95
17738,12,44.7969285945,28.6097742775,33.6725658,-117.7762744,2517.25,143.53
17743,16,44.8119997779,28.3998104547,33.6725658,-117.7762744,2477.75,144.69
17768,13,44.62893158,28.3289946718,33.6725658,-117.7762744,2513.0,145.8
17794,10,53.0941871087,5.67346265488,33.6725658,-117.7762744,5584.75,272.66
17818,11,53.3540662373,7.13077531228,33.6725658,-117.7762744,5149.75,274.94
17891,12,44.8287820489,29.3492858811,33.6725658,-117.7762744,2643.75,140.38
17892,13,44.871370955,29.0935747592,33.6725658,-117.7762744,2585.5,141.55
17894,14,44.8302290858,28.9143758396,33.6725658,-117.7762744,2562.75,142.69
17918,12,44.4137104773,28.7975074037,33.6725658,-117.7762744,2646.0,144.94
17947,11,53.2113219658,7.35054934264,33.6725658,-117.7762744,5078.75,274.53
17968,10,53.5371305855,7.39358810865,33.6725658,-117.7762744,5076.25,275.66
18043,12,44.7832946681,30.4161306443,33.6725674,-117.7762724,2690.25,139.3
18044,15,44.7282685343,30.235425998,33.6725674,-117.7762724,2668.5,140.44
18128,12,61.7763321422,21.3962748245,33.6725674,-117.7762724,3276.0,339.66
18130,10,61.8420543279,21.5958500621,33.6725674,-117.7762724,3276.5,340.78
18196,12,44.5415853963,30.491424846,33.6725674,-117.7762724,2761.75,138.91
18198,14,44.4914004547,30.3019532953,33.6725674,-117.7762724,2737.75,140.05
18199,13,44.3763378455,30.1648582891,33.6725674,-117.7762724,2740.25,141.19
18204,12,44.1395382844,30.728257049,33.6725686,-117.776271,2789.5,142.31
18254,10,53.5359757316,8.59974822169,33.6725686,-117.776271,5152.25,274.67
18255,10,54.6343763412,7.60774573512,33.6725686,-117.776271,5499.5,275.77
18283,11,61.957737269,23.0829168767,33.6725686,-117.776271,3242.5,343.48
18350,12,44.3421032317,31.1363028527,33.6725686,-117.776271,2815.25,137.52
18351,14,44.2839672449,30.9495223092,33.6725686,-117.776271,2794.25,138.66
18354,12,44.1819658294,30.8021162814,33.6725686,-117.776271,2792.25,139.78
18378,10,43.8877918067,30.7859946531,33.6725686,-117.776271,2862.25,140.92
18404,22,81.9122876723,27.9527739796,33.6725686,-117.776271,9280.5,0.83
18438,10,61.779883638,23.2343163455,33.6725686,-117.776271,3179.75,344.08
18451,14,62.0158315035,23.3968974699,33.6725686,-117.776271,3240.5,345.2
18477,11,62.0500673222,24.4236439027,33.6725702,-117.7762691,3242.5,346.33
18502,11,44.4768406157,32.3748803,33.6725702,-117.7762691,2862.75,134.98
18526,21,44.2773570264,32.300211595,33.6725702,-117.7762691,2894.25,136.11
18551,12,44.0391581429,32.2383595073,33.6725702,-117.7762691,2938.5,137.3
18592,13,61.9556104659,24.6926073385,33.6725702,-117.7762691,3201.25,347.69
18601,11,61.9979431529,24.8941862444,33.6725702,-117.7762691,3205.75,348.81
18654,10,44.1571647832,33.1118588126,33.6725702,-117.7762691,3085.5,133.02
18656,13,44.1599086855,32.8437247401,33.6725702,-117.7762691,3029.75,134.14
18676,13,44.0970418496,32.6391723969,33.6725702,-117.7762691,3003.0,135.27
18701,12,43.7545549896,33.2134961709,33.6725713,-117.7762678,3083.75,136.47
18746,10,61.8326822696,25.7176780095,33.6725713,-117.7762678,3148.25,350.13
18751,10,61.8598158697,26.0988117837,33.6725713,-117.7762678,3146.75,351.25
18807,12,43.872095288,33.6411284357,33.6725713,-117.7762678,3141.5,133.22
18808,13,43.7976136326,33.427770417,33.6725713,-117.7762678,3115.75,134.39
18826,11,43.6072746884,33.3327019047,33.6725713,-117.7762678,3141.5,135.48
18868,11,55.1721365467,10.0152845743,33.6725713,-117.7762678,5225.5,277.17
18899,10,61.8646973116,26.1779436634,33.6725713,-117.7762678,3146.75,351.69
18902,15,62.0364461253,26.8757592396,33.6725724,-117.7762668,3177.75,352.81
18925,11,61.9422282664,27.083142007,33.6725724,-117.7762668,3147.25,353.94
18960,11,43.9880158878,34.5150840766,33.6725724,-117.7762668,3206.25,131.5
18975,12,43.9242669916,34.292445815,33.6725724,-117.7762668,3174.25,132.63
19001,10,43.7836904279,34.1401414161,33.6725724,-117.7762668,3175.25,133.77
19025,10,43.6434539098,33.9920306466,33.6725724,-117.7762668,3178.25,134.89
19054,10,61.9402213453,27.1732728338,33.6725724,-117.7762668,3146.25,354.44
19076,11,61.9320194959,27.37496736,33.6725724,-117.7762668,3143.75,355.56
19112,10,43.9892047388,34.7009635514,33.6725724,-117.7762668,3245.25,130.77
19125,10,43.6247518227,34.4590132369,33.6725724,-117.7762668,3276.0,133.05
19175,11,55.1907472729,10.9990394154,33.6725724,-117.7762668,5078.75,277.38
19209,11,61.940610909,28.2607541802,33.6725738,-117.7762652,3145.75,356.56
19210,12,61.9330634225,28.4641580449,33.6725738,-117.7762652,3145.75,357.69
19225,11,61.9232627292,28.6656852012,33.6725738,-117.7762652,3146.25,358.81
19251,40,52.0418251483,28.0192259563,33.6725738,-117.7762652,128.0,0.39
19310,10,39.8366719194,8.23028266065,33.6725738,-117.7762652,7010.25,234.17
19326,10,54.5966215872,10.786577911,33.6725738,-117.7762652,5318.25,274.81
19362,10,61.8221918629,28.614270457,33.6725738,-117.7762652,3114.5,358.56
19363,14,61.9932599445,28.830493952,33.6725738,-117.7762652,3171.25,359.69
19372,10,61.8897867648,29.0243835671,33.6725738,-117.7762652,3145.25,0.81
19399,11,51.6587990298,28.4536340231,33.6725748,-117.7762642,0.0,91.81
19418,24,43.6343837391,36.6364553376,33.6725748,-117.7762642,3493.25,129.44
19440,10,43.3899851059,36.5567051184,33.6725748,-117.7762642,3528.75,130.58
19480,10,54.4648249571,11.7927698971,33.6725748,-117.7762642,5149.75,274.56
19517,15,62.0050438423,29.6123304427,33.6725748,-117.7762642,3173.25,1.39
19518,11,61.8874814603,29.8039056248,33.6725748,-117.7762642,3144.75,2.52
19536,10,61.9615809883,30.0173092134,33.6725748,-117.7762642,3176.25,3.63
19571,10,43.5867818826,36.9360077553,33.6725748,-117.7762642,3569.0,128.58
19615,11,39.4957682477,8.95083438882,33.6725748,-117.7762642,7005.75,233.05
19633,10,54.122651296,12.2197561004,33.6725748,-117.7762642,5004.75,273.63
19635,10,54.4394951463,12.2710171272,33.6725748,-117.7762642,5004.75,274.75
19671,10,61.9377457637,30.3785486896,33.6725763,-117.7762626,3144.75,1.64
19682,11,61.9219774773,30.5817517711,33.6725763,-117.7762626,3147.75,2.77
19704,13,61.9141561304,30.6025039203,33.6725763,-117.7762626,3146.25,3.89
19727,11,61.885843806,30.804124742,33.6725763,-117.7762626,3146.75,5.02
19786,11,54.0462518212,12.9316112995,33.6725763,-117.7762626,5006.0,274.25
19825,11,61.8971484257,30.7529940253,33.6725763,-117.7762626,3147.75,4.73
19826,13,61.9412059069,30.9710552362,33.6725763,-117.7762626,3171.75,5.88
19827,12,61.9147015227,31.1694067612,33.6725763,-117.7762626,3174.75,6.98
19875,10,44.0588525221,38.9699367835,33.6725763,-117.7762626,3782.0,123.95
19979,10,61.835298902,31.6670447214,33.6725774,-117.7762613,3148.75,6.7
19980,12,61.9604978014,31.9032900684,33.6725774,-117.7762613,3200.25,7.84
19982,10,61.7465664619,32.066498981,33.6725774,-117.7762613,3147.25,8.97
20028,10,43.8660163196,40.1356168354,33.6725774,-117.7762613,3962.5,122.97
20030,11,43.8368521505,39.7501192115,33.6725774,-117.7762613,3874.75,124.12
20031,10,43.459397188,39.8230391161,33.6725774,-117.7762613,3964.0,125.23
20133,13,61.9155537185,32.1581306898,33.6725774,-117.7762613,3203.75,9.25
20134,11,61.6864938762,32.3133941421,33.6725774,-117.7762613,3147.25,10.38
20182,10,43.8810938799,40.1684763772,33.6725774,-117.7762613,3967.75,122.83
20246,10,54.1374240498,13.58673954,33.6725786,-117.7762601,5152.25,274.2
20248,10,54.4264800242,13.8835851992,33.6725786,-117.7762601,5076.25,275.33
20288,11,61.892092133,33.0662459626,33.6725786,-117.7762601,3209.75,11.13
20289,11,61.8316996563,33.2630457874,33.6725786,-117.7762601,3208.25,12.25
20291,10,61.8768637447,33.4908004499,33.6725786,-117.7762601,3241.5,13.36
20335,10,43.9759995017,41.4069987773,33.6725786,-117.7762601,4123.75,120.95
20381,10,38.9834843685,13.8598363167,33.6725786,-117.7762601,6344.25,228.25
20400,10,53.9871165917,13.220627553,33.6725802,-117.7762583,5498.0,273.16
20402,12,54.1446594457,14.6267393061,33.6725802,-117.7762583,5079.75,274.3
20403,11,54.461798769,14.6877680031,33.6725802,-117.7762583,5076.25,275.41
20444,10,62.0717243267,34.4375513515,33.6725802,-117.7762583,3308.0,13.81
20450,13,61.6025696902,34.5047647316,33.6725802,-117.7762583,3178.75,14.95
20489,10,44.0359209041,43.0797573153,33.6725802,-117.7762583,4336.5,118.78
20499,11,44.0008520988,42.6246621828,33.6725802,-117.7762583,4226.5,119.92
20524,10,43.5722440577,42.768120622,33.6725802,-117.7762583,4336.5,121.03
20709,10,54.2671434876,14.7064479156,33.6725814,-117.7762571,5230.75,274.33
20710,10,55.0526160974,13.9477809644,33.6725814,-117.7762571,5498.0,275.45
20753,10,62.1036006182,36.3258622794,33.6725814,-117.7762571,3449.5,19.2
20755,10,61.793799081,36.4218703119,33.6725814,-117.7762571,3376.0,20.31
20842,12,39.8731536164,16.4891934099,33.6725814,-117.7762571,5884.75,226.92
20862,10,54.3776217053,15.235968784,33.6725814,-117.7762571,5076.25,273.97
20864,10,55.3660039098,14.7765672414,33.6725831,-117.7762555,5498.0,276.2
20909,10,61.9701094048,37.5835266776,33.6725831,-117.7762555,3452.5,21.83
20950,12,43.5496167994,44.9875386031,33.6725831,-117.7762555,4579.75,118.59
21016,10,55.0492724817,15.276229078,33.6725831,-117.7762555,5330.25,275.5
21018,10,55.5017834636,14.8039946412,33.6725831,-117.7762555,5498.0,276.64
21062,21,61.9808319642,37.889747766,33.6725831,-117.7762555,3498.5,23.17
21064,11,61.9605291603,38.1332837807,33.6725831,-117.7762555,3528.75,24.28
21148,14,39.7498265152,18.2489382885,33.6725831,-117.7762555,5694.0,224.58
21217,10,61.9825222848,38.7625389707,33.6725843,-117.7762543,3532.5,24.59
21218,12,61.8768216157,38.9608842532,33.6725843,-117.7762543,3535.0,25.7
21220,10,61.9637741662,39.279199417,33.6725843,-117.7762543,3608.0,26.81
21324,10,55.3933523923,16.2368539241,33.6725843,-117.7762543,5230.75,276.73
21371,16,61.8950619962,39.4511200138,33.6725843,-117.7762543,3618.25,27.69
21373,10,61.7809324379,40.1543341271,33.6725854,-117.7762532,3609.75,28.83
21409,10,43.4884226757,47.3576170797,33.6725854,-117.7762532,4932.0,116.5
21455,20,39.7396430976,19.7772290971,33.6725854,-117.7762532,5611.25,223.48
21478,11,55.5400757106,17.2954836332,33.6725854,-117.7762532,5077.5,277.47
21526,10,62.0074474641,40.3010547831,33.6725854,-117.7762532,3692.0,28.81
21527,11,61.8696099285,40.4910011667,33.6725854,-117.7762532,3690.0,29.92
21608,14,39.6567569066,20.2836897802,33.6725854,-117.7762532,5513.75,222.22
21630,10,55.1373064281,15.80798393,33.6725854,-117.7762532,5498.0,275.2
21633,12,55.1514623002,18.2069671135,33.6725868,-117.7762515,4999.0,276.34
21634,10,55.4748339457,18.2558924794,33.6725868,-117.7762515,5004.75,277.48
21642,57,52.3440254707,34.3329820381,33.6725868,-117.7762515,128.0,1.19
21680,11,61.863054097,41.4699880563,33.6725868,-117.7762515,3737.0,30.86
21762,13,39.4478896345,21.2432229801,33.6725868,-117.7762515,5502.25,221.27
21784,10,55.3412561079,17.4737905264,33.6725868,-117.7762515,5229.5,276.48
21834,10,61.7658949189,41.8541050466,33.6725868,-117.7762515,3783.25,32.56
21988,10,62.100341567,42.8987720375,33.6725878,-117.7762505,3962.5,33.75
21989,11,61.7155471978,42.9142453724,33.6725878,-117.7762505,3874.75,34.89
21990,10,61.7834666011,43.2935731974,33.6725878,-117.7762505,3965.5,35.98
22091,10,56.1914487948,16.9236912613,33.6725878,-117.7762505,5587.75,278.34
22141,10,62.0691196155,43.7878258388,33.6725894,-117.7762489,3967.0,34.44
22142,11,61.794046411,43.8872484476,33.6725894,-117.7762489,3922.25,35.56
22144,10,61.7342732771,44.1677674977,33.6725894,-117.7762489,3964.75,36.67
22245,10,55.8634379131,17.8963925741,33.6725894,-117.7762489,5498.0,277.31
22295,20,61.89542781,44.2158786962,33.6725894,-117.7762489,4011.25,36.36
22397,10,55.065923385,19.6392106796,33.6725904,-117.7762478,5076.25,275.5
22398,10,55.8826135522,18.9926043379,33.6725904,-117.7762478,5319.5,277.75
22450,10,62.1091657106,45.2789023729,33.6725904,-117.7762478,4172.5,37.59
22451,10,61.6873922008,45.2491032627,33.6725904,-117.7762478,4072.5,38.72
22552,10,55.8435402291,19.2739064771,33.6725904,-117.7762478,5233.25,277.83
22604,16,61.8611723565,46.0955376949,33.6725915,-117.7762468,4170.75,39.44
22606,10,61.7942967577,46.437021687,33.6725915,-117.7762468,4230.0,40.64
22679,17,39.3786562715,25.9755346056,33.6725915,-117.7762468,5033.25,214.66
22706,11,55.8505124879,19.7796011274,33.6725915,-117.7762468,5228.0,277.66
22708,12,56.0583185826,20.3398146198,33.6725915,-117.7762468,5076.25,278.78
22759,11,61.8187764383,46.665608567,33.6725915,-117.7762468,4285.25,41.22
22833,11,39.4616789302,27.2384851684,33.672593,-117.7762453,4920.25,213.22
22859,11,55.7088619595,20.9572591602,33.672593,-117.7762453,5076.25,277.36
22861,11,55.9707221869,21.2613571759,33.672593,-117.7762453,5003.75,278.48
23014,11,55.89601921,20.9994026812,33.672593,-117.7762453,5076.25,278.02
23166,10,55.9140684238,20.6265043252,33.6725939,-117.7762443,5320.75,277.44
23320,11,55.3288183177,21.9952014453,33.6725953,-117.7762428,5078.75,275.89
23445,15,39.2823084509,30.6319657142,33.6725953,-117.7762428,4582.75,206.92
23474,10,54.5389895098,21.8711304759,33.6725953,-117.7762428,5076.25,274.14
23476,10,54.820875934,22.1473879735,33.6725953,-117.7762428,5006.0,275.25
23477,10,55.6557627855,21.232114601,33.6725953,-117.7762428,5326.25,277.47
23628,10,54.8837439749,22.3454427688,33.6725962,-117.7762419,5076.25,275.23
23630,11,55.6333335947,21.924652409,33.6725962,-117.7762419,5243.5,277.47
23938,10,55.6270967206,22.9884605167,33.6725973,-117.7762408,5078.75,277.69
24091,11,55.7226638537,23.690889967,33.6725988,-117.7762394,5076.25,277.77
24244,11,55.6506722454,23.6802404595,33.6725988,-117.7762394,5075.0,277.52
24246,12,55.9644843896,23.7549215104,33.6725988,-117.7762394,5072.75,278.63
24397,10,55.2408805112,23.5469753623,33.6725998,-117.7762384,5232.0,276.66
24455,14,62.7015387795,54.4900625696,33.6725998,-117.7762384,5310.25,50.59
24517,10,39.0768973697,36.2306282928,33.6726013,-117.7762369,4335.75,197.36
24550,10,55.0442617857,24.734515347,33.6726013,-117.7762369,5076.25,276.09
24552,11,55.3695203881,24.781530577,33.6726013,-117.7762369,5078.75,277.22
24553,10,56.2071936163,23.8221597476,33.6726013,-117.7762369,5415.5,278.33
24608,12,62.1900337729,55.2836311762,33.6726013,-117.7762369,5230.75,51.27
24704,10,55.3969238828,25.0333263459,33.6726013,-117.7762369,5004.75,276.47
24706,10,56.3152778917,23.8503420829,33.6726013,-117.7762369,5414.25,278.69
24822,11,39.1992395044,37.2210833747,33.6726021,-117.7762358,4234.25,195.47
24858,10,55.9447553007,24.50758374,33.6726021,-117.7762358,5328.75,278.78
25012,10,55.8324777456,25.0092711106,33.672603,-117.7762347,5312.75,278.48
25127,16,39.0527193863,38.6757232744,33.672603,-117.7762347,4188.5,191.39
25165,10,56.0591070069,25.0694564263,33.672603,-117.7762347,5309.0,279.25
25281,10,39.0117945539,39.4829946493,33.6726042,-117.7762331,4175.75,190.77
25318,11,55.7482210392,26.4382606503,33.6726042,-117.7762331,5078.75,278.88
25470,10,55.494386641,26.591245107,33.6726051,-117.7762321,5151.0,277.8
25738,10,38.7839635685,41.6804998252,33.6726064,-117.7762305,4175.75,186.2
25778,10,55.912444378,25.896247713,33.6726064,-117.7762305,5587.75,278.34
25890,11,38.6745226128,42.5197071493,33.6726064,-117.7762305,4175.75,183.66
25929,10,54.3321170598,27.0929501369,33.6726064,-117.7762305,5151.0,274.88
26043,10,38.496052706,43.4524385545,33.6726074,-117.7762294,4223.0,181.78
26084,10,54.651011733,26.4739457847,33.6726074,-117.7762294,5499.5,276.42
26085,10,55.0449862125,26.2467940447,33.6726074,-117.7762294,5584.75,277.55
26237,10,54.9638293875,27.3002066999,33.6726083,-117.7762282,5412.75,277.67
26347,21,38.9934102337,45.0435928322,33.6726083,-117.7762282,4052.25,177.19
26349,12,38.7790122522,44.7849209288,33.6726083,-117.7762282,4117.25,178.3
26653,10,38.7751333452,46.4222898123,33.6726098,-117.7762264,4121.5,174.64
26654,10,38.5899228976,46.1602417829,33.6726098,-117.7762264,4174.0,175.78
26697,10,55.1939933682,29.5019688659,33.6726108,-117.7762252,5151.0,277.98
26698,12,55.5628832556,29.3219700896,33.6726108,-117.7762252,5225.5,279.09
26960,10,38.5965270052,48.2734208518,33.6726122,-117.7762234,4175.75,172.22
27114,11,38.6080973191,48.3058758829,33.6726122,-117.7762234,4173.25,171.08
27159,10,55.1033254179,30.2407029827,33.6726122,-117.7762234,5151.0,276.8
27267,10,38.6161136823,49.0945125333,33.6726129,-117.7762224,4172.5,169.42
27419,19,38.7701331547,49.9579073756,33.6726137,-117.7762213,4133.75,167.55
27421,10,38.0748685102,49.8018255316,33.6726137,-117.7762213,4335.75,168.63
27466,10,55.184972368,30.5091550968,33.6726137,-117.7762213,5330.25,277.0
27572,10,38.5056966408,50.2449019076,33.6726137,-117.7762213,4228.25,166.56
27619,10,55.0737194287,31.1172880489,33.6726148,-117.7762198,5326.25,276.8
27724,10,38.6014830065,51.5624843861,33.6726148,-117.7762198,4230.0,164.56
27726,10,38.2025834443,51.3744869948,33.6726148,-117.7762198,4335.75,165.67
27772,10,54.5263181112,31.3480922831,33.6726148,-117.7762198,5230.75,276.13
27877,10,38.5559539524,52.0978878339,33.6726148,-117.7762198,4284.25,162.48
27925,11,54.2676849636,32.2360561322,33.6726156,-117.7762188,5079.75,275.53
28029,11,38.6594105795,52.9548122541,33.6726156,-117.7762188,4287.0,160.64
28078,10,53.3469078237,31.0489120346,33.6726156,-117.7762188,5411.5,272.08
28183,12,38.5544289787,53.9335276796,33.6726171,-117.7762171,4341.0,159.91
28336,16,38.781843943,54.5701251442,33.6726171,-117.7762171,4340.25,157.19
28338,12,38.5202409626,54.3681212334,33.6726171,-117.7762171,4393.75,158.31
28386,10,53.8946656486,32.0520836125,33.6726181,-117.776216,5499.5,273.69
28489,13,38.510856839,55.7824658894,33.6726181,-117.776216,4502.25,155.98
28539,10,53.270447599,31.9958810955,33.6726181,-117.776216,5501.0,272.7
28642,14,38.5838663288,57.0729479111,33.6726192,-117.7762148,4580.75,153.27
28795,13,39.0387514254,57.4730741946,33.6726192,-117.7762148,4512.0,152.11
28847,10,53.0304796452,33.9902968754,33.6726208,-117.7762128,5311.5,273.09
29155,10,53.4846671826,35.3832383209,33.672622,-117.7762115,5076.25,273.73
29254,11,38.6140830883,59.9949714396,33.672622,-117.7762115,4784.5,148.3
29307,10,53.3888061596,34.8713543694,33.672622,-117.7762115,5229.5,273.27
29460,10,53.0968066836,35.4990100873,33.6726238,-117.7762094,5311.5,272.25
29462,10,53.4379599186,35.4649825799,33.6726238,-117.7762094,5328.75,273.36
29560,10,38.3764154201,61.9973162789,33.672625,-117.7762081,4929.5,147.25
29614,10,52.922319529,36.8514428595,33.672625,-117.7762081,5076.25,271.73
29768,10,53.217555969,37.0991289219,33.672625,-117.7762081,5006.0,271.8
29769,10,53.6761108959,35.5153097227,33.672625,-117.7762081,5498.0,272.92
29922,10,53.1536869875,37.163844484,33.6726261,-117.7762069,5149.75,271.42
30173,16,38.4669482781,64.7912832286,33.6726279,-117.776205,5154.75,142.22
30326,16,38.1691891052,65.7840634425,33.672629,-117.7762039,5322.25,141.61
30383,11,54.2134502369,39.1172808253,33.672629,-117.7762039,5007.25,273.95
30480,19,38.1134098359,65.8479953581,33.672629,-117.7762039,5347.5,140.55
30536,10,54.0863429961,39.830644482,33.6726306,-117.7762024,5007.25,273.23
30537,12,54.4065873698,39.8803666401,33.6726306,-117.7762024,5003.75,274.36
30632,10,37.7713297414,66.8639755395,33.6726306,-117.7762024,5501.0,140.63
30689,10,53.8223722793,38.801741471,33.6726306,-117.7762024,5311.5,272.0
30843,10,54.5309294871,40.1688069626,33.6726317,-117.7762013,5077.5,272.55
30940,16,37.3522353462,67.3120301478,33.6726317,-117.7762013,5601.0,139.66
30997,10,54.378284373,40.8593150981,33.6726327,-117.7762003,5004.75,272.0
30998,10,54.7267143492,40.6689039415,33.6726327,-117.7762003,5076.25,273.11
31151,10,54.7370098599,41.1568932277,33.6726327,-117.7762003,4929.5,273.39
31247,15,37.4278301343,69.3410678838,33.6726345,-117.7761989,5769.75,137.91
31553,10,37.5046574666,70.4950260141,33.6726357,-117.7761978,5880.0,136.45
31612,10,55.3490935534,42.0481890458,33.6726357,-117.7761978,5076.25,274.53
31766,11,55.4836334252,42.8499483909,33.6726374,-117.7761962,5073.75,274.72
31860,10,37.0897544968,71.8404002547,33.6726374,-117.7761962,6105.0,135.08
31920,10,55.9062241454,42.37311552,33.6726374,-117.7761962,5239.75,274.84
32013,11,37.1353045259,72.3819062193,33.6726385,-117.776195,6098.0,135.03
32166,10,37.5828868616,72.4175120202,33.6726385,-117.776195,5999.5,134.13
32226,10,55.5718068425,43.9108888206,33.6726396,-117.7761939,5076.25,273.83
32380,10,56.7454859154,43.3276293986,33.6726396,-117.7761939,5322.25,277.3
32534,10,57.2102228663,44.2346014756,33.672641,-117.7761921,5312.75,278.03
-32696,12,56.5985312093,45.3858445991,33.6726419,-117.7761909,5073.75,277.7
-32542,11,56.6653482736,46.6168269334,33.6726432,-117.7761892,4925.0,278.52
-32388,11,57.3004893239,46.9511175189,33.6726441,-117.7761883,5001.25,280.48
-32234,10,56.669276295,46.2674668236,33.6726441,-117.7761883,5152.25,278.77
-32080,10,56.6930614971,47.2329323775,33.6726451,-117.7761873,5006.0,279.14
-31927,10,56.7066282531,47.4911325403,33.6726451,-117.7761873,4930.75,279.41
-31926,11,57.9267458963,47.7513520179,33.6726466,-117.7761859,5153.5,282.81
-31924,10,58.2446577469,47.8613053306,33.6726466,-117.7761859,5152.25,283.95
-31773,10,57.0437923404,47.9990094772,33.6726466,-117.7761859,5004.75,281.14
-31771,10,57.9734125432,48.271644303,33.6726466,-117.7761859,5007.25,284.52
-31619,10,57.9058711028,49.0158811546,33.6726478,-117.7761849,4929.5,284.25
-31618,10,58.2129590254,49.1040492461,33.6726478,-117.7761849,4934.25,285.38
-31465,11,58.4350238384,49.2285717688,33.6726478,-117.7761849,4921.5,285.27
-31311,13,58.4330317944,50.2141467855,33.6726494,-117.7761834,4842.0,286.31
-31310,11,58.9186013068,49.8190475927,33.6726494,-117.7761834,5007.25,287.42
-31158,10,58.8836915392,51.0794776249,33.6726505,-117.7761824,4781.25,288.11
-31005,10,58.8189447571,50.5340726184,33.6726505,-117.7761824,4928.5,288.17
-31003,10,59.6989945321,50.9222746572,33.6726505,-117.7761824,4923.75,291.58
-30853,11,58.8208061901,51.0739074075,33.6726515,-117.7761813,4914.5,288.19
-30850,10,60.2855997744,51.6887159703,33.6726515,-117.7761813,4925.0,293.83
-30848,10,60.5779471346,51.8236259991,33.6726515,-117.7761813,4929.5,294.97
-30699,10,58.7232451002,51.7291377827,33.6726515,-117.7761813,4717.75,288.73
-30696,10,60.3987690544,52.4900881104,33.6726529,-117.7761796,4922.75,294.36
-30544,10,59.1136075108,52.1622346178,33.6726529,-117.7761796,4847.5,290.7
-30543,11,60.0682003947,52.3448035679,33.6726529,-117.7761796,4917.0,294.08
-30541,10,60.3568093712,52.4730638966,33.6726529,-117.7761796,4921.5,295.2
-30389,12,60.3826938165,53.4938654121,33.6726538,-117.7761784,4786.75,296.28
-30236,11,60.4024015116,53.7538698213,33.6726538,-117.7761784,4720.0,296.8
-30083,11,59.9083744191,54.8025729469,33.672655,-117.776177,4531.25,296.95
-29929,12,60.3081947797,54.6777350273,33.6726557,-117.7761762,4716.75,297.42
-29775,10,60.2729710024,53.8710784221,33.6726557,-117.7761762,4929.5,296.95
-29774,11,60.5739086464,54.4042694289,33.6726565,-117.7761754,4926.25,298.06
-29624,10,59.3165565849,53.8191115172,33.6726565,-117.7761754,4921.5,295.14
-29318,12,58.2822295848,53.4427538914,33.6726576,-117.7761741,5077.5,294.61
